{
    "loss": 0.6721775531768799,
    "accuracy": 0.9396551847457886
}