{
    "loss": 0.5897247791290283,
    "accuracy": 0.9482758641242981
}